{"roll": 29.99842776528223, "pitch": 330.00157223471774, "yaw": 59.99685553056446}